<?xml version="1.0"?>
<catalog>
   <book id="bk101">
      <price>44.95</price>
      <publish_date>2000-10-01</publish_date>
   </book>
   <book id="bk102">
      <price>5.95</price>
      <publish_date>2000-12-16</publish_date>
   </book>
   <book id="bk103">
      <price>5.95</price>
      <publish_date>2000-11-17</publish_date>
   </book>
   <book id="bk104">
      <price>5.95</price>
      <publish_date>2001-03-10</publish_date>
   </book>
   <book id="bk105">
      <price>5.95</price>
      <publish_date>2001-09-10</publish_date>
   </book>
   <book id="bk106">
      <price>4.95</price>
      <publish_date>2000-09-02</publish_date>
   </book>
   <book id="bk107">
      <price>4.95</price>
      <publish_date>2000-11-02</publish_date>
   </book>
   <book id="bk108">
      <price>4.95</price>
      <publish_date>2000-12-06</publish_date>
   </book>
   <book id="bk109">
      <price>6.95</price>
      <publish_date>2000-11-02</publish_date>
   </book>
   <book id="bk110">
      <price>36.95</price>
      <publish_date>2000-12-09</publish_date>
   </book>
   <book id="bk111">
      <price>36.95</price>
      <publish_date>2000-12-01</publish_date>
   </book>
   <book id="bk112">
      <price>49.95</price>
      <publish_date>2001-04-16</publish_date>
   </book>
</catalog>
